{
  "senither": {
    "slayer": {
      "zombie": [
        2208,
        0.15
      ],
      "spider": [
        2118,
        0.08
      ],
      "wolf": [
        1962,
        0.015
      ],
      "enderman": [
        1430,
        0.017
      ]
    },
    "skills": {
      "mining": [
        1.18207448,
        259634
      ],
      "foraging": [
        1.232826,
        259634
      ],
      "enchanting": [
        0.96976583,
        882758
      ],
      "farming": [
        1.217848139,
        220689
      ],
      "combat": [
        1.15797687265,
        275862
      ],
      "fishing": [
        1.406418,
        88274
      ],
      "alchemy": [
        1,
        1103448
      ],
      "taming": [
        1.14744,
        441379
      ]
    },
    "dungeons": {
      "catacombs": 0.0002149604615
    },
    "dungeon_classes": {
      "healer": 0.0000045254834,
      "mage": 0.0000045254834,
      "berserk": 0.0000045254834,
      "archer": 0.0000045254834,
      "tank": 0.0000045254834
    }
  },
  "lily": {}
}