{
  "senither": {
    "slayer": {
      "zombie": [
        2208,
        0.15
      ],
      "spider": [
        2118,
        0.08
      ],
      "wolf": [
        1962,
        0.015
      ],
      "enderman": [
        1430,
        0.017
      ]
    },
    "skills": {
      "mining": [
        1.18207448,
        259634
      ],
      "foraging": [
        1.232826,
        259634
      ],
      "enchanting": [
        0.96976583,
        882758
      ],
      "farming": [
        1.217848139,
        220689
      ],
      "combat": [
        1.15797687265,
        275862
      ],
      "fishing": [
        1.406418,
        88274
      ],
      "alchemy": [
        1,
        1103448
      ],
      "taming": [
        1.14744,
        441379
      ]
    },
    "dungeons": {
      "catacombs": 0.0002149604615,
      "classes": {
        "healer": 0.0000045254834,
        "mage": 0.0000045254834,
        "berserk": 0.0000045254834,
        "archer": 0.0000045254834,
        "tank": 0.0000045254834
      }
    }
  },
  "lily": {
    "slayer": {
      "deprecation_scaling": {
        "rev": 0.75030106128,
        "tara": 0.7732512436,
        "sven": 0.8085205492,
        "enderman": 0.8374104242,
        "blaze": 0.87
      }
    },
    "skills": {
      "ratio_weight": {
        "enchanting": [
          0,
          0.025,
          0.05,
          0.075,
          0.1,
          0.125,
          0.15,
          0.175,
          0.2,
          0.225,
          0.25,
          0.275,
          0.3,
          0.325,
          0.35,
          0.375,
          0.4,
          0.425,
          0.45,
          0.475,
          0.5,
          0.525,
          0.55,
          0.575,
          0.6,
          0.625,
          0.65,
          0.675,
          0.7,
          0.725,
          0.75,
          0.775,
          0.8,
          0.825,
          0.85,
          0.875,
          0.9,
          0.925,
          0.95,
          0.975,
          1,
          1.025,
          1.05,
          1.075,
          1.1,
          1.125,
          1.15,
          1.175,
          1.2,
          1.225,
          1.25,
          1.28125,
          1.3125,
          1.34375,
          1.375,
          1.40625,
          1.4375,
          1.46875,
          1.5,
          1.53125,
          1.5625,
          40
        ],
        "taming": [
          0,
          0.025,
          0.05,
          0.075,
          0.1,
          0.125,
          0.15,
          0.175,
          0.2,
          0.225,
          0.25,
          0.275,
          0.3,
          0.325,
          0.35,
          0.375,
          0.4,
          0.425,
          0.45,
          0.475,
          0.5,
          0.525,
          0.55,
          0.575,
          0.6,
          0.625,
          0.65,
          0.675,
          0.7,
          0.725,
          0.75,
          0.775,
          0.8,
          0.825,
          0.85,
          0.875,
          0.9,
          0.925,
          0.95,
          0.975,
          1,
          1.025,
          1.05,
          1.075,
          1.1,
          1.125,
          1.15,
          1.175,
          1.2,
          1.225,
          1.25,
          1.28125,
          1.3125,
          1.34375,
          1.375,
          1.40625,
          1.4375,
          1.46875,
          1.5,
          1.53125,
          1.5625,
          45
        ],
        "alchemy": [
          0,
          0.025,
          0.05,
          0.075,
          0.1,
          0.125,
          0.15,
          0.175,
          0.2,
          0.225,
          0.25,
          0.275,
          0.3,
          0.325,
          0.35,
          0.375,
          0.4,
          0.425,
          0.45,
          0.475,
          0.5,
          0.525,
          0.55,
          0.575,
          0.6,
          0.625,
          0.65,
          0.675,
          0.7,
          0.725,
          0.75,
          0.775,
          0.8,
          0.825,
          0.85,
          0.875,
          0.9,
          0.925,
          0.95,
          0.975,
          1,
          1.025,
          1.05,
          1.075,
          1.1,
          1.125,
          1.15,
          1.175,
          1.2,
          1.225,
          1.25,
          1.28125,
          1.3125,
          1.34375,
          1.375,
          1.40625,
          1.4375,
          1.46875,
          1.5,
          1.53125,
          1.5625,
          50
        ],
        "mining": [
          0,
          0.025,
          0.05,
          0.075,
          0.1,
          0.125,
          0.15,
          0.175,
          0.2,
          0.225,
          0.25,
          0.275,
          0.3,
          0.325,
          0.35,
          0.375,
          0.4,
          0.425,
          0.45,
          0.475,
          0.5,
          0.525,
          0.55,
          0.575,
          0.6,
          0.625,
          0.65,
          0.675,
          0.7,
          0.725,
          0.75,
          0.775,
          0.8,
          0.825,
          0.85,
          0.875,
          0.9,
          0.925,
          0.95,
          0.975,
          1,
          1.025,
          1.05,
          1.075,
          1.1,
          1.125,
          1.15,
          1.175,
          1.2,
          1.225,
          1.25,
          1.28125,
          1.3125,
          1.34375,
          1.375,
          1.40625,
          1.4375,
          1.46875,
          1.5,
          1.53125,
          1.5625,
          80
        ],
        "farming": [
          0,
          0.025,
          0.05,
          0.075,
          0.1,
          0.125,
          0.15,
          0.175,
          0.2,
          0.225,
          0.25,
          0.275,
          0.3,
          0.325,
          0.35,
          0.375,
          0.4,
          0.425,
          0.45,
          0.475,
          0.5,
          0.525,
          0.55,
          0.575,
          0.6,
          0.625,
          0.65,
          0.675,
          0.7,
          0.725,
          0.75,
          0.775,
          0.8,
          0.825,
          0.85,
          0.875,
          0.9,
          0.925,
          0.95,
          0.975,
          1,
          1.025,
          1.05,
          1.075,
          1.1,
          1.125,
          1.15,
          1.175,
          1.2,
          1.225,
          1.25,
          1.28125,
          1.3125,
          1.34375,
          1.375,
          1.40625,
          1.4375,
          1.46875,
          1.5,
          1.53125,
          1.5625,
          85
        ],
        "foraging": [
          0,
          0.025,
          0.05,
          0.075,
          0.1,
          0.125,
          0.15,
          0.175,
          0.2,
          0.225,
          0.25,
          0.275,
          0.3,
          0.325,
          0.35,
          0.375,
          0.4,
          0.425,
          0.45,
          0.475,
          0.5,
          0.525,
          0.55,
          0.575,
          0.6,
          0.625,
          0.65,
          0.675,
          0.7,
          0.725,
          0.75,
          0.775,
          0.8,
          0.825,
          0.85,
          0.875,
          0.9,
          0.925,
          0.95,
          0.975,
          1,
          1.025,
          1.05,
          1.075,
          1.1,
          1.125,
          1.15,
          1.175,
          1.2,
          1.225,
          1.25,
          1.28125,
          1.3125,
          1.34375,
          1.375,
          1.40625,
          1.4375,
          1.46875,
          1.5,
          1.53125,
          1.5625,
          95
        ],